# Parent ID<TAB>approximate longitude,latitude pairs in original child account order. These are place reference points, NOT surveyed boundaries.
ming-01	116.40,39.91;115.48,38.87;116.10,38.44;114.57,38.15;115.15,36.29;118.89,39.89;114.49,37.06;114.49,36.77;115.97,40.46;115.52,40.39;115.06,40.61
ming-02	118.79,32.05;120.62,31.31;121.23,31.01;119.95,31.78;119.45,32.20;119.43,32.39;119.14,33.51;117.56,32.87;117.05,30.53;118.44,29.87;118.75,30.94;118.50,31.57;117.48,30.66;117.18,34.26
ming-03	120.16,30.26;120.75,30.76;120.10,30.87;120.58,30.00;121.55,29.87;121.12,28.85;119.65,29.09;118.87,28.94;119.49,29.54;120.66,28.01;119.92,28.45
ming-04	119.30,26.08;119.01,25.43;118.59,24.91;117.65,24.51;118.18,26.64;118.33,27.04;117.49,27.34;116.36,25.83;119.99,26.88
ming-05	113.26,23.13;113.60,24.81;114.30,25.12;114.42,23.09;116.64,23.66;112.47,23.05;110.85,21.92;110.10,20.92;109.20,21.66;110.35,19.99
ming-06	110.29,25.28;109.42,24.32;108.65,24.49;110.64,24.64;111.31,23.48;110.08,23.39;108.32,22.82;107.36,22.42;108.17,23.23;106.94,23.73;106.56,24.78
ming-07	115.89,28.68;115.37,28.42;114.39,27.81;115.41,28.06;114.99,27.11;116.36,27.98;116.64,27.55;117.97,28.45;116.68,29.00;116.04,29.45;115.99,29.73;114.36,25.40;114.94,25.85
ming-08	114.31,30.55;114.27,30.55;114.87,30.45;113.13,29.37;112.98,28.20;112.61,26.90;111.61,26.21;111.46,27.23;111.69,29.05;110.40,28.46;110.81,32.84;112.14,32.05;112.20,30.35;112.59,31.17;113.69,31.26
ming-09	114.35,34.80;115.63,34.38;114.35,36.10;114.07,35.41;112.94,35.09;112.45,34.68;114.36,33.00;112.54,33.00;112.84,34.16;111.20,34.77;113.47,34.16
ming-10	112.56,37.88;111.52,36.08;113.12,36.19;111.78,37.26;112.85,35.49;113.30,40.09;112.43,39.33;112.30,39.00;111.51,39.44
ming-11	108.95,34.26;109.49,36.59;107.39,34.52;107.03,33.07;106.68,35.54;104.64,35.01;107.89,36.01;103.85,35.38;103.26,36.74;103.35,34.69;104.04,34.44;100.45,38.94;98.51,39.73;106.27,38.47;109.74,38.29
ming-12	104.07,30.67;106.55,29.56;106.08,30.80;104.62,28.77;105.44,28.88;109.46,31.02;103.76,29.57;103.00,29.99;104.52,32.41;106.00,31.56;103.83,30.05
ming-13	106.71,26.58;105.93,26.25;107.51,26.70;107.52,26.26;108.25,27.94;109.19,27.72;108.42,27.05;109.14,26.23;108.22,27.52;106.98,26.45;106.03,27.02
ming-14	102.71,25.05;100.17,25.70;102.83,23.62;101.55,25.04;103.80,25.50;99.16,25.11;100.18,26.55;100.24,26.87;100.83,24.44;100.31,25.23;99.92,24.59;101.99,23.60;98.50,25.02
ming-15	97.18,31.14;101.96,30.05;102.36,30.99;100.01,31.62;98.58,31.81;100.27,30.00;99.11,30.00
ming-16	111.65,40.80;111.03,40.60;111.82,40.80;108.19,40.78;110.56,40.71;112.20,40.13
ming-17	92.06,31.48;91.13,29.65;88.88,29.27;89.60,28.92;91.77,29.24;81.30,31.00
ming-18	77.25,38.41;75.99,39.47;79.93,37.12;80.27,41.17;82.96,41.71;77.55,38.05;76.18,38.93;82.70,38.70
ming-19	89.19,42.95;93.51,42.83;89.78,42.74;90.21,42.87;89.53,42.85;86.57,42.06;93.70,43.20
ming-20	68.26,43.30;69.77,42.30;69.30,41.31;72.90,43.70;65.51,44.85;69.50,46.70
ming-21	85.40,45.20;81.35,43.93;83.00,46.30;88.10,48.30;86.60,47.85;74.30,45.40
ming-22	123.43,41.80;123.18,41.27;122.75,40.85;122.35,40.41;121.98,39.75;123.84,42.29;124.04,42.55;123.64,41.61
ming-26	117.02,36.67;118.48,36.68;116.83,35.55;115.97,36.45;119.95,37.18;120.76,37.81;117.51,37.49;117.10,36.19;116.59,35.41;115.71,36.84
ming-27	121.79,41.60;121.24,41.54;123.52,42.12;123.48,41.98;123.93,41.88;122.30,41.85;121.62,41.18;121.23,40.88
ming-28	119.75,40.01;120.73,40.62;121.14,41.12;121.10,41.02;121.00,40.92;120.92,40.77;120.87,40.49;124.65,39.54;124.66,39.90;124.35,40.10;124.38,39.96
ming-29	126.98,37.57;125.71,38.51;125.75,39.03;127.54,39.92;128.21,37.88;127.13,36.45;127.15,35.82;128.60,35.87
ming-30	120.16,23.00;120.20,23.00;120.14,23.04;120.30,23.05;120.25,23.12;120.18,23.17;121.44,25.17;121.75,25.13
ming-31	113.54,22.19;113.54,22.20;113.53,22.19;113.53,22.18;113.56,22.16;113.56,22.12;113.58,22.18
ming2-22	142.70,50.00;139.73,53.14;140.30,51.30;142.70,47.00;140.45,49.40
ming2-24	140.11,41.43;140.73,41.77;140.13,41.87;141.35,43.20;141.60,42.55;143.20,42.92;144.39,42.98;141.68,45.41
ming2-25	130.41,33.59;130.71,32.80;130.56,31.60;129.88,32.75;129.55,33.37;130.88,33.88;131.43,31.91
ming2-26	134.55,34.07;134.05,34.34;132.77,33.84;133.53,33.56
ming2-27	63.62,53.22;69.16,54.87;76.98,52.30;64.70,52.20;69.38,53.28
ming2-28	74.90,47.10;84.87,47.80;82.50,47.30;82.62,49.98;81.77,46.20
ming2-29	125.05,41.72;127.30,43.60;124.80,42.18;125.90,41.88;124.60,41.68;126.00,41.10
ming2-30	122.27,43.61;121.06,45.06;124.00,47.20;124.82,45.12;124.44,46.86;122.90,46.80
ming2-31	127.53,50.25;132.20,47.50;130.37,46.82;129.48,44.35;129.50,45.00
ming2-32	120.98,14.60;120.90,14.48;121.42,14.27;120.69,15.03;120.59,17.57;121.73,17.61;120.34,16.01
ming2-33	105.85,21.03;105.77,19.80;105.68,18.68;107.59,16.46;108.33,15.87;108.80,15.12;109.18,12.25
ming2-34	114.88,40.82;111.85,40.60;109.90,39.65;113.75,41.65;113.20,40.70
ming2-35	103.85,47.20;110.65,47.60;97.50,47.20;101.10,46.00;102.83,47.80;109.50,48.10
ming2-36	116.07,43.93;115.15,43.35;115.40,41.30;119.40,43.50;117.55,43.25
ming2-38	139.77,35.68;135.76,35.01;135.51,34.69;140.88,38.27;136.65,36.56;136.91,35.18;138.38,34.98;139.93,37.49
